Job,views
Operário Fabril - Fabrica de Produtos Alimentares ,5553
Recruta-se Operador(a) Fabril,5479
Operador de linha de produção,5164
Rececionista e Administrativa ,3654
Assistente Operacional Barganha Empregos,3491
colaboradores para restauração,3239
Atendente full-time para café,3076
Recepcionista (m/f) (regime Night-Audit),2951
rececionista hotel lisboa,2939
Grupo hoteleiro recruta para Lisboa,2932
Empregado de mesa,2160
Recruta-se Empregado de mesa Cova Funda,1999
Contrata-se Porteiro para Lisboa,1832
Colaboradores para Bar - Hotel 5* ,1812
Colaborador para fazer Manutenção de edifícios (M/F) -,1804
Serviço Apoio ao Cliente 08H-23H :: Barganha Portugal Classificados Empregos,1575
Emprego de Barista em Lisboa,1222
Vaga para Atendente de balcão,1207
Precisa-se Vigilantes (Zona da Amadora/Alfragide) (m/f),1095
Serviço Apoio ao Cliente 08H-23H :: Barganha Portugal Classificados Empregos Anuncios Venda,1087
Vaga Emprego para Assistente Administrativo,932
Colaboradores para Bar - Hotel 5* :: Barganha Portugal Classificados Empregos,860
Vaga Gestor Comercial Lisboa - Contact center,744
Dicas Mercado Profissional Barganha Lisboa,717
Precisa-se Ama/Babysitter (fins de semana),686
Barman (M/F) :: Barganha Portugal Classificados Empregos,663
Ama/Babysitter :: Barganha Portugal Classificados Empregos,647
Anúncio Gratuito vagas de Emprego Barganha Portugal,630
Vaga Team Leader B2B - telecomunicações :: Barganha Portugal Classificados Empregos Anuncios Venda,381
Vaga para Assistente de Loja,286
10 dicas para ter sucesso numa entrevista de emprego,280
Vaga Team Leader B2B - telecomunicações :: Barganha Portugal Classificados Empregos,271
Cheque-Formação + Digital 750€,255
Ama/Babysitter :: Barganha Portugal Classificados Empregos Anuncios Venda,253
Operador de Call Center (M/F),242
Empregado de Limpeza Vaga de Emprego,241
Distribuidor de Publicidade Lisboa emprego freelancer,238
Gestor comercial FREELANCER emprego Marketing Digital,227
Copeiro (M/F),223
Recuperação de palavra passe :: Barganha Portugal Classificados Empregos,212
Emprego no Estrangeiro,201
Aprenda a fazer um currículo sem experiência,179
Empregados de mesa em Lisboa :: Barganha Portugal Classificados Empregos,166
Novo IRS Jovem pode dar sete salários extra em cinco anos :: Barganha Portugal Classificados Empregos,165
Rececionista 1* e 2* hotel :: Barganha Portugal Classificados Empregos,152
Administrativa Part-time,147
Operário Fabril - Fabrica de Produtos Alimentares - Produção (SINTRA) :: Barganha Portugal Classificados Empregos Anuncios Venda,139
Vagas de emprego Administrativo Comercial (m/f) - Lisboa,138
"Subsídio de desemprego: regras, prazos e valores",132
Ajudante de Cozinha Qua-Seg 12H00-20H00 (m/f) :: Barganha Portugal Classificados Empregos,129
Emprego Vaga para Designer Grafico / Marketing Digital,128
Rececionista 1* e 2* hotel :: Barganha Portugal Classificados Empregos Anuncios Venda,128
Colaborador Armazém- Carregal do Sal M/F :: Barganha Portugal Classificados Empregos,123
Emprego Barganha Portugal,121
Como fazer um bom Currículo Barganha Empregos,115
